id,task,framework,fold,result,mode,version,params,tag,utc,duration,models,seed,info,acc,models_ensemble,predict_duration
openml.org/t/7592,adult,AutoPilot,0,0.871034,local,1.0,,stable,2020-02-04T15:31:22,3666.5,10.0,2814690860,,0.871034,1.0,240.67700000000002
openml.org/t/7592,adult,AutoPilot,1,,local,1.0,,stable,2020-02-04T15:31:24,2.5,,2814690861,AssertionError: config.fold must be 0 when running AutoPilot! Value: 1,,,
openml.org/t/7592,adult,AutoPilot,2,,local,1.0,,stable,2020-02-04T15:31:27,2.5,,2814690862,AssertionError: config.fold must be 0 when running AutoPilot! Value: 2,,,
openml.org/t/7592,adult,AutoPilot,3,,local,1.0,,stable,2020-02-04T15:31:29,2.5,,2814690863,AssertionError: config.fold must be 0 when running AutoPilot! Value: 3,,,
openml.org/t/7592,adult,AutoPilot,4,,local,1.0,,stable,2020-02-04T15:31:32,2.5,,2814690864,AssertionError: config.fold must be 0 when running AutoPilot! Value: 4,,,
openml.org/t/7592,adult,AutoPilot,5,,local,1.0,,stable,2020-02-04T15:31:34,2.5,,2814690865,AssertionError: config.fold must be 0 when running AutoPilot! Value: 5,,,
openml.org/t/7592,adult,AutoPilot,6,,local,1.0,,stable,2020-02-04T15:31:37,2.5,,2814690866,AssertionError: config.fold must be 0 when running AutoPilot! Value: 6,,,
openml.org/t/7592,adult,AutoPilot,7,,local,1.0,,stable,2020-02-04T15:31:39,2.5,,2814690867,AssertionError: config.fold must be 0 when running AutoPilot! Value: 7,,,
openml.org/t/7592,adult,AutoPilot,8,,local,1.0,,stable,2020-02-04T15:31:42,2.5,,2814690868,AssertionError: config.fold must be 0 when running AutoPilot! Value: 8,,,
openml.org/t/7592,adult,AutoPilot,9,,local,1.0,,stable,2020-02-04T15:31:44,2.4,,2814690869,AssertionError: config.fold must be 0 when running AutoPilot! Value: 9,,,
openml.org/t/189354,Airlines,AutoPilot,0,0.667903,local,1.0,,stable,2020-02-05T00:59:40,3668.3,10.0,286396732,,0.667903,1.0,451.145
openml.org/t/189354,Airlines,AutoPilot,1,,local,1.0,,stable,2020-02-05T00:59:47,6.6,,286396733,AssertionError: config.fold must be 0 when running AutoPilot! Value: 1,,,
openml.org/t/189354,Airlines,AutoPilot,2,,local,1.0,,stable,2020-02-05T00:59:53,6.6,,286396734,AssertionError: config.fold must be 0 when running AutoPilot! Value: 2,,,
openml.org/t/189354,Airlines,AutoPilot,3,,local,1.0,,stable,2020-02-05T01:00:00,6.5,,286396735,AssertionError: config.fold must be 0 when running AutoPilot! Value: 3,,,
openml.org/t/189354,Airlines,AutoPilot,4,,local,1.0,,stable,2020-02-05T01:00:06,6.4,,286396736,AssertionError: config.fold must be 0 when running AutoPilot! Value: 4,,,
openml.org/t/189354,Airlines,AutoPilot,5,,local,1.0,,stable,2020-02-05T01:00:13,6.7,,286396737,AssertionError: config.fold must be 0 when running AutoPilot! Value: 5,,,
openml.org/t/189354,Airlines,AutoPilot,6,,local,1.0,,stable,2020-02-05T01:00:19,6.5,,286396738,AssertionError: config.fold must be 0 when running AutoPilot! Value: 6,,,
openml.org/t/189354,Airlines,AutoPilot,7,,local,1.0,,stable,2020-02-05T01:00:26,6.6,,286396739,AssertionError: config.fold must be 0 when running AutoPilot! Value: 7,,,
openml.org/t/189354,Airlines,AutoPilot,8,,local,1.0,,stable,2020-02-05T01:00:32,6.6,,286396740,AssertionError: config.fold must be 0 when running AutoPilot! Value: 8,,,
openml.org/t/189354,Airlines,AutoPilot,9,,local,1.0,,stable,2020-02-05T01:00:39,6.6,,286396741,AssertionError: config.fold must be 0 when running AutoPilot! Value: 9,,,
openml.org/t/189356,Albert,AutoPilot,0,0.647775,local,1.0,,stable,2020-02-05T02:10:36,3695.0,10.0,4051172572,,0.647775,1.0,243.666
openml.org/t/189356,Albert,AutoPilot,1,,local,1.0,,stable,2020-02-05T02:12:19,103.0,,4051172573,AssertionError: config.fold must be 0 when running AutoPilot! Value: 1,,,
openml.org/t/189356,Albert,AutoPilot,2,,local,1.0,,stable,2020-02-05T02:14:02,103.2,,4051172574,AssertionError: config.fold must be 0 when running AutoPilot! Value: 2,,,
openml.org/t/189356,Albert,AutoPilot,3,,local,1.0,,stable,2020-02-05T02:15:45,102.9,,4051172575,AssertionError: config.fold must be 0 when running AutoPilot! Value: 3,,,
openml.org/t/189356,Albert,AutoPilot,4,,local,1.0,,stable,2020-02-05T02:17:27,102.4,,4051172576,AssertionError: config.fold must be 0 when running AutoPilot! Value: 4,,,
openml.org/t/189356,Albert,AutoPilot,5,,local,1.0,,stable,2020-02-05T02:19:09,102.0,,4051172577,AssertionError: config.fold must be 0 when running AutoPilot! Value: 5,,,
openml.org/t/189356,Albert,AutoPilot,6,,local,1.0,,stable,2020-02-05T02:20:52,102.5,,4051172578,AssertionError: config.fold must be 0 when running AutoPilot! Value: 6,,,
openml.org/t/189356,Albert,AutoPilot,7,,local,1.0,,stable,2020-02-05T02:22:34,102.3,,4051172579,AssertionError: config.fold must be 0 when running AutoPilot! Value: 7,,,
openml.org/t/189356,Albert,AutoPilot,8,,local,1.0,,stable,2020-02-05T02:24:17,102.2,,4051172580,AssertionError: config.fold must be 0 when running AutoPilot! Value: 8,,,
openml.org/t/189356,Albert,AutoPilot,9,,local,1.0,,stable,2020-02-05T02:25:59,102.6,,4051172581,AssertionError: config.fold must be 0 when running AutoPilot! Value: 9,,,
openml.org/t/34539,Amazon_employee_access,AutoPilot,0,0.9450719999999999,local,1.0,,stable,2020-02-04T16:37:36,3668.6,10.0,2763709444,,0.9450719999999999,1.0,270.79900000000004
openml.org/t/34539,Amazon_employee_access,AutoPilot,1,,local,1.0,,stable,2020-02-04T16:37:37,1.2,,2763709445,AssertionError: config.fold must be 0 when running AutoPilot! Value: 1,,,
openml.org/t/34539,Amazon_employee_access,AutoPilot,2,,local,1.0,,stable,2020-02-04T16:37:38,1.3,,2763709446,AssertionError: config.fold must be 0 when running AutoPilot! Value: 2,,,
openml.org/t/34539,Amazon_employee_access,AutoPilot,3,,local,1.0,,stable,2020-02-04T16:37:39,1.3,,2763709447,AssertionError: config.fold must be 0 when running AutoPilot! Value: 3,,,
openml.org/t/34539,Amazon_employee_access,AutoPilot,4,,local,1.0,,stable,2020-02-04T16:37:40,1.1,,2763709448,AssertionError: config.fold must be 0 when running AutoPilot! Value: 4,,,
openml.org/t/34539,Amazon_employee_access,AutoPilot,5,,local,1.0,,stable,2020-02-04T16:37:42,1.3,,2763709449,AssertionError: config.fold must be 0 when running AutoPilot! Value: 5,,,
openml.org/t/34539,Amazon_employee_access,AutoPilot,6,,local,1.0,,stable,2020-02-04T16:37:43,1.3,,2763709450,AssertionError: config.fold must be 0 when running AutoPilot! Value: 6,,,
openml.org/t/34539,Amazon_employee_access,AutoPilot,7,,local,1.0,,stable,2020-02-04T16:37:44,1.3,,2763709451,AssertionError: config.fold must be 0 when running AutoPilot! Value: 7,,,
openml.org/t/34539,Amazon_employee_access,AutoPilot,8,,local,1.0,,stable,2020-02-04T16:37:45,1.1,,2763709452,AssertionError: config.fold must be 0 when running AutoPilot! Value: 8,,,
openml.org/t/34539,Amazon_employee_access,AutoPilot,9,,local,1.0,,stable,2020-02-04T16:37:47,1.3,,2763709453,AssertionError: config.fold must be 0 when running AutoPilot! Value: 9,,,
openml.org/t/168868,APSFailure,AutoPilot,0,0.9947370000000001,local,1.0,,stable,2020-02-04T17:44:22,3676.8,10.0,2106399548,,0.9947370000000001,1.0,271.822
openml.org/t/168868,APSFailure,AutoPilot,1,,local,1.0,,stable,2020-02-04T17:44:31,8.2,,2106399549,AssertionError: config.fold must be 0 when running AutoPilot! Value: 1,,,
openml.org/t/168868,APSFailure,AutoPilot,2,,local,1.0,,stable,2020-02-04T17:44:39,8.2,,2106399550,AssertionError: config.fold must be 0 when running AutoPilot! Value: 2,,,
openml.org/t/168868,APSFailure,AutoPilot,3,,local,1.0,,stable,2020-02-04T17:44:47,8.3,,2106399551,AssertionError: config.fold must be 0 when running AutoPilot! Value: 3,,,
openml.org/t/168868,APSFailure,AutoPilot,4,,local,1.0,,stable,2020-02-04T17:44:55,8.3,,2106399552,AssertionError: config.fold must be 0 when running AutoPilot! Value: 4,,,
openml.org/t/168868,APSFailure,AutoPilot,5,,local,1.0,,stable,2020-02-04T17:45:04,8.3,,2106399553,AssertionError: config.fold must be 0 when running AutoPilot! Value: 5,,,
openml.org/t/168868,APSFailure,AutoPilot,6,,local,1.0,,stable,2020-02-04T17:45:12,8.1,,2106399554,AssertionError: config.fold must be 0 when running AutoPilot! Value: 6,,,
openml.org/t/168868,APSFailure,AutoPilot,7,,local,1.0,,stable,2020-02-04T17:45:20,8.3,,2106399555,AssertionError: config.fold must be 0 when running AutoPilot! Value: 7,,,
openml.org/t/168868,APSFailure,AutoPilot,8,,local,1.0,,stable,2020-02-04T17:45:28,8.3,,2106399556,AssertionError: config.fold must be 0 when running AutoPilot! Value: 8,,,
openml.org/t/168868,APSFailure,AutoPilot,9,,local,1.0,,stable,2020-02-04T17:45:37,8.3,,2106399557,AssertionError: config.fold must be 0 when running AutoPilot! Value: 9,,,
openml.org/t/146818,Australian,AutoPilot,0,,local,1.0,,stable,2020-02-04T03:06:57,265.3,,444255207,AssertionError: Could not complete the data builder processing job. The AutoML Job cannot continue. Failed Job Arn: arn:aws:sagemaker:us-east-1:397262719838:processing-job/db-1-67eca54e65a54a5185a7...,,,
openml.org/t/146818,Australian,AutoPilot,1,,local,1.0,,stable,2020-02-04T03:06:57,0.0,,444255208,AssertionError: config.fold must be 0 when running AutoPilot! Value: 1,,,
openml.org/t/146818,Australian,AutoPilot,2,,local,1.0,,stable,2020-02-04T03:06:57,0.0,,444255209,AssertionError: config.fold must be 0 when running AutoPilot! Value: 2,,,
openml.org/t/146818,Australian,AutoPilot,3,,local,1.0,,stable,2020-02-04T03:06:57,0.0,,444255210,AssertionError: config.fold must be 0 when running AutoPilot! Value: 3,,,
openml.org/t/146818,Australian,AutoPilot,4,,local,1.0,,stable,2020-02-04T03:06:57,0.0,,444255211,AssertionError: config.fold must be 0 when running AutoPilot! Value: 4,,,
openml.org/t/146818,Australian,AutoPilot,5,,local,1.0,,stable,2020-02-04T03:06:57,0.0,,444255212,AssertionError: config.fold must be 0 when running AutoPilot! Value: 5,,,
openml.org/t/146818,Australian,AutoPilot,6,,local,1.0,,stable,2020-02-04T03:06:57,0.0,,444255213,AssertionError: config.fold must be 0 when running AutoPilot! Value: 6,,,
openml.org/t/146818,Australian,AutoPilot,7,,local,1.0,,stable,2020-02-04T03:06:57,0.0,,444255214,AssertionError: config.fold must be 0 when running AutoPilot! Value: 7,,,
openml.org/t/146818,Australian,AutoPilot,8,,local,1.0,,stable,2020-02-04T03:06:57,0.0,,444255215,AssertionError: config.fold must be 0 when running AutoPilot! Value: 8,,,
openml.org/t/146818,Australian,AutoPilot,9,,local,1.0,,stable,2020-02-04T03:06:57,0.0,,444255216,AssertionError: config.fold must be 0 when running AutoPilot! Value: 9,,,
openml.org/t/14965,bank-marketing,AutoPilot,0,0.9051299999999999,local,1.0,,stable,2020-02-04T05:27:00,3666.6,10.0,543165786,,0.9051299999999999,1.0,270.634
openml.org/t/14965,bank-marketing,AutoPilot,1,,local,1.0,,stable,2020-02-04T05:27:01,0.7,,543165787,AssertionError: config.fold must be 0 when running AutoPilot! Value: 1,,,
openml.org/t/14965,bank-marketing,AutoPilot,2,,local,1.0,,stable,2020-02-04T05:27:02,0.6,,543165788,AssertionError: config.fold must be 0 when running AutoPilot! Value: 2,,,
openml.org/t/14965,bank-marketing,AutoPilot,3,,local,1.0,,stable,2020-02-04T05:27:02,0.7,,543165789,AssertionError: config.fold must be 0 when running AutoPilot! Value: 3,,,
openml.org/t/14965,bank-marketing,AutoPilot,4,,local,1.0,,stable,2020-02-04T05:27:03,0.6,,543165790,AssertionError: config.fold must be 0 when running AutoPilot! Value: 4,,,
openml.org/t/14965,bank-marketing,AutoPilot,5,,local,1.0,,stable,2020-02-04T05:27:04,0.7,,543165791,AssertionError: config.fold must be 0 when running AutoPilot! Value: 5,,,
openml.org/t/14965,bank-marketing,AutoPilot,6,,local,1.0,,stable,2020-02-04T05:27:04,0.6,,543165792,AssertionError: config.fold must be 0 when running AutoPilot! Value: 6,,,
openml.org/t/14965,bank-marketing,AutoPilot,7,,local,1.0,,stable,2020-02-04T05:27:05,0.7,,543165793,AssertionError: config.fold must be 0 when running AutoPilot! Value: 7,,,
openml.org/t/14965,bank-marketing,AutoPilot,8,,local,1.0,,stable,2020-02-04T05:27:05,0.6,,543165794,AssertionError: config.fold must be 0 when running AutoPilot! Value: 8,,,
openml.org/t/14965,bank-marketing,AutoPilot,9,,local,1.0,,stable,2020-02-04T05:27:06,0.7,,543165795,AssertionError: config.fold must be 0 when running AutoPilot! Value: 9,,,
openml.org/t/10101,blood-transfusion,AutoPilot,0,,local,1.0,,stable,2020-02-04T03:11:06,242.0,,1819093302,AssertionError: Could not complete the data builder processing job. The AutoML Job cannot continue. Failed Job Arn: arn:aws:sagemaker:us-east-1:397262719838:processing-job/db-1-8ef60b742e214bf1b0b8...,,,
openml.org/t/10101,blood-transfusion,AutoPilot,1,,local,1.0,,stable,2020-02-04T03:11:06,0.0,,1819093303,AssertionError: config.fold must be 0 when running AutoPilot! Value: 1,,,
openml.org/t/10101,blood-transfusion,AutoPilot,2,,local,1.0,,stable,2020-02-04T03:11:06,0.0,,1819093304,AssertionError: config.fold must be 0 when running AutoPilot! Value: 2,,,
openml.org/t/10101,blood-transfusion,AutoPilot,3,,local,1.0,,stable,2020-02-04T03:11:06,0.0,,1819093305,AssertionError: config.fold must be 0 when running AutoPilot! Value: 3,,,
openml.org/t/10101,blood-transfusion,AutoPilot,4,,local,1.0,,stable,2020-02-04T03:11:06,0.0,,1819093306,AssertionError: config.fold must be 0 when running AutoPilot! Value: 4,,,
openml.org/t/10101,blood-transfusion,AutoPilot,5,,local,1.0,,stable,2020-02-04T03:11:06,0.0,,1819093307,AssertionError: config.fold must be 0 when running AutoPilot! Value: 5,,,
openml.org/t/10101,blood-transfusion,AutoPilot,6,,local,1.0,,stable,2020-02-04T03:11:06,0.0,,1819093308,AssertionError: config.fold must be 0 when running AutoPilot! Value: 6,,,
openml.org/t/10101,blood-transfusion,AutoPilot,7,,local,1.0,,stable,2020-02-04T03:11:06,0.0,,1819093309,AssertionError: config.fold must be 0 when running AutoPilot! Value: 7,,,
openml.org/t/10101,blood-transfusion,AutoPilot,8,,local,1.0,,stable,2020-02-04T03:11:06,0.0,,1819093310,AssertionError: config.fold must be 0 when running AutoPilot! Value: 8,,,
openml.org/t/10101,blood-transfusion,AutoPilot,9,,local,1.0,,stable,2020-02-04T03:11:06,0.0,,1819093311,AssertionError: config.fold must be 0 when running AutoPilot! Value: 9,,,
openml.org/t/146821,car,AutoPilot,0,0.9942200000000001,local,1.0,,stable,2020-02-04T04:16:51,3666.7,10.0,2164109378,,0.9942200000000001,1.0,270.54900000000004
openml.org/t/146821,car,AutoPilot,1,,local,1.0,,stable,2020-02-04T04:16:51,0.1,,2164109379,AssertionError: config.fold must be 0 when running AutoPilot! Value: 1,,,
openml.org/t/146821,car,AutoPilot,2,,local,1.0,,stable,2020-02-04T04:16:51,0.1,,2164109380,AssertionError: config.fold must be 0 when running AutoPilot! Value: 2,,,
openml.org/t/146821,car,AutoPilot,3,,local,1.0,,stable,2020-02-04T04:16:51,0.1,,2164109381,AssertionError: config.fold must be 0 when running AutoPilot! Value: 3,,,
openml.org/t/146821,car,AutoPilot,4,,local,1.0,,stable,2020-02-04T04:16:52,0.1,,2164109382,AssertionError: config.fold must be 0 when running AutoPilot! Value: 4,,,
openml.org/t/146821,car,AutoPilot,5,,local,1.0,,stable,2020-02-04T04:16:52,0.1,,2164109383,AssertionError: config.fold must be 0 when running AutoPilot! Value: 5,,,
openml.org/t/146821,car,AutoPilot,6,,local,1.0,,stable,2020-02-04T04:16:52,0.1,,2164109384,AssertionError: config.fold must be 0 when running AutoPilot! Value: 6,,,
openml.org/t/146821,car,AutoPilot,7,,local,1.0,,stable,2020-02-04T04:16:52,0.1,,2164109385,AssertionError: config.fold must be 0 when running AutoPilot! Value: 7,,,
openml.org/t/146821,car,AutoPilot,8,,local,1.0,,stable,2020-02-04T04:16:52,0.1,,2164109386,AssertionError: config.fold must be 0 when running AutoPilot! Value: 8,,,
openml.org/t/146821,car,AutoPilot,9,,local,1.0,,stable,2020-02-04T04:16:52,0.1,,2164109387,AssertionError: config.fold must be 0 when running AutoPilot! Value: 9,,,
openml.org/t/168908,christine,AutoPilot,0,0.738007,local,1.0,,stable,2020-02-04T04:09:27,3676.6,10.0,874638613,,0.738007,1.0,271.567
openml.org/t/168908,christine,AutoPilot,1,,local,1.0,,stable,2020-02-04T04:09:52,25.0,,874638614,AssertionError: config.fold must be 0 when running AutoPilot! Value: 1,,,
openml.org/t/168908,christine,AutoPilot,2,,local,1.0,,stable,2020-02-04T04:10:17,24.8,,874638615,AssertionError: config.fold must be 0 when running AutoPilot! Value: 2,,,
openml.org/t/168908,christine,AutoPilot,3,,local,1.0,,stable,2020-02-04T04:10:42,24.8,,874638616,AssertionError: config.fold must be 0 when running AutoPilot! Value: 3,,,
openml.org/t/168908,christine,AutoPilot,4,,local,1.0,,stable,2020-02-04T04:11:07,24.9,,874638617,AssertionError: config.fold must be 0 when running AutoPilot! Value: 4,,,
openml.org/t/168908,christine,AutoPilot,5,,local,1.0,,stable,2020-02-04T04:11:32,24.8,,874638618,AssertionError: config.fold must be 0 when running AutoPilot! Value: 5,,,
openml.org/t/168908,christine,AutoPilot,6,,local,1.0,,stable,2020-02-04T04:11:56,24.6,,874638619,AssertionError: config.fold must be 0 when running AutoPilot! Value: 6,,,
openml.org/t/168908,christine,AutoPilot,7,,local,1.0,,stable,2020-02-04T04:12:21,24.5,,874638620,AssertionError: config.fold must be 0 when running AutoPilot! Value: 7,,,
openml.org/t/168908,christine,AutoPilot,8,,local,1.0,,stable,2020-02-04T04:12:45,24.6,,874638621,AssertionError: config.fold must be 0 when running AutoPilot! Value: 8,,,
openml.org/t/168908,christine,AutoPilot,9,,local,1.0,,stable,2020-02-04T04:13:10,24.7,,874638622,AssertionError: config.fold must be 0 when running AutoPilot! Value: 9,,,
openml.org/t/9981,cnae-9,AutoPilot,0,,local,1.0,,stable,2020-02-04T04:21:04,248.0,,1922458079,AssertionError: Could not complete the data builder processing job. The AutoML Job cannot continue. Failed Job Arn: arn:aws:sagemaker:us-east-1:397262719838:processing-job/db-1-a7d1f1df4cb5455a9150...,,,
openml.org/t/9981,cnae-9,AutoPilot,1,,local,1.0,,stable,2020-02-04T04:21:05,1.3,,1922458080,AssertionError: config.fold must be 0 when running AutoPilot! Value: 1,,,
openml.org/t/9981,cnae-9,AutoPilot,2,,local,1.0,,stable,2020-02-04T04:21:07,1.3,,1922458081,AssertionError: config.fold must be 0 when running AutoPilot! Value: 2,,,
openml.org/t/9981,cnae-9,AutoPilot,3,,local,1.0,,stable,2020-02-04T04:21:08,1.3,,1922458082,AssertionError: config.fold must be 0 when running AutoPilot! Value: 3,,,
openml.org/t/9981,cnae-9,AutoPilot,4,,local,1.0,,stable,2020-02-04T04:21:09,1.3,,1922458083,AssertionError: config.fold must be 0 when running AutoPilot! Value: 4,,,
openml.org/t/9981,cnae-9,AutoPilot,5,,local,1.0,,stable,2020-02-04T04:21:10,1.3,,1922458084,AssertionError: config.fold must be 0 when running AutoPilot! Value: 5,,,
openml.org/t/9981,cnae-9,AutoPilot,6,,local,1.0,,stable,2020-02-04T04:21:12,1.3,,1922458085,AssertionError: config.fold must be 0 when running AutoPilot! Value: 6,,,
openml.org/t/9981,cnae-9,AutoPilot,7,,local,1.0,,stable,2020-02-04T04:21:13,1.3,,1922458086,AssertionError: config.fold must be 0 when running AutoPilot! Value: 7,,,
openml.org/t/9981,cnae-9,AutoPilot,8,,local,1.0,,stable,2020-02-04T04:21:14,1.3,,1922458087,AssertionError: config.fold must be 0 when running AutoPilot! Value: 8,,,
openml.org/t/9981,cnae-9,AutoPilot,9,,local,1.0,,stable,2020-02-04T04:21:15,1.3,,1922458088,AssertionError: config.fold must be 0 when running AutoPilot! Value: 9,,,
openml.org/t/146195,connect-4,AutoPilot,0,0.864417,local,1.0,,stable,2020-02-04T06:32:26,3668.2,10.0,1143765317,,0.864417,1.0,240.755
openml.org/t/146195,connect-4,AutoPilot,1,,local,1.0,,stable,2020-02-04T06:32:27,1.7,,1143765318,AssertionError: config.fold must be 0 when running AutoPilot! Value: 1,,,
openml.org/t/146195,connect-4,AutoPilot,2,,local,1.0,,stable,2020-02-04T06:32:29,1.5,,1143765319,AssertionError: config.fold must be 0 when running AutoPilot! Value: 2,,,
openml.org/t/146195,connect-4,AutoPilot,3,,local,1.0,,stable,2020-02-04T06:32:31,1.6,,1143765320,AssertionError: config.fold must be 0 when running AutoPilot! Value: 3,,,
openml.org/t/146195,connect-4,AutoPilot,4,,local,1.0,,stable,2020-02-04T06:32:32,1.6,,1143765321,AssertionError: config.fold must be 0 when running AutoPilot! Value: 4,,,
openml.org/t/146195,connect-4,AutoPilot,5,,local,1.0,,stable,2020-02-04T06:32:34,1.7,,1143765322,AssertionError: config.fold must be 0 when running AutoPilot! Value: 5,,,
openml.org/t/146195,connect-4,AutoPilot,6,,local,1.0,,stable,2020-02-04T06:32:35,1.5,,1143765323,AssertionError: config.fold must be 0 when running AutoPilot! Value: 6,,,
openml.org/t/146195,connect-4,AutoPilot,7,,local,1.0,,stable,2020-02-04T06:32:37,1.6,,1143765324,AssertionError: config.fold must be 0 when running AutoPilot! Value: 7,,,
openml.org/t/146195,connect-4,AutoPilot,8,,local,1.0,,stable,2020-02-04T06:32:39,1.7,,1143765325,AssertionError: config.fold must be 0 when running AutoPilot! Value: 8,,,
openml.org/t/146195,connect-4,AutoPilot,9,,local,1.0,,stable,2020-02-04T06:32:40,1.5,,1143765326,AssertionError: config.fold must be 0 when running AutoPilot! Value: 9,,,
openml.org/t/7593,Covertype,AutoPilot,0,,local,1.0,,stable,2020-02-05T03:27:43,3701.2,,3731617325,AssertionError: AutoPilot did not finish training any models,,,
openml.org/t/7593,Covertype,AutoPilot,1,,local,1.0,,stable,2020-02-05T03:28:00,17.0,,3731617326,AssertionError: config.fold must be 0 when running AutoPilot! Value: 1,,,
openml.org/t/7593,Covertype,AutoPilot,2,,local,1.0,,stable,2020-02-05T03:28:17,16.8,,3731617327,AssertionError: config.fold must be 0 when running AutoPilot! Value: 2,,,
openml.org/t/7593,Covertype,AutoPilot,3,,local,1.0,,stable,2020-02-05T03:28:34,16.9,,3731617328,AssertionError: config.fold must be 0 when running AutoPilot! Value: 3,,,
openml.org/t/7593,Covertype,AutoPilot,4,,local,1.0,,stable,2020-02-05T03:28:51,16.7,,3731617329,AssertionError: config.fold must be 0 when running AutoPilot! Value: 4,,,
openml.org/t/7593,Covertype,AutoPilot,5,,local,1.0,,stable,2020-02-05T03:29:08,17.0,,3731617330,AssertionError: config.fold must be 0 when running AutoPilot! Value: 5,,,
openml.org/t/7593,Covertype,AutoPilot,6,,local,1.0,,stable,2020-02-05T03:29:24,16.6,,3731617331,AssertionError: config.fold must be 0 when running AutoPilot! Value: 6,,,
openml.org/t/7593,Covertype,AutoPilot,7,,local,1.0,,stable,2020-02-05T03:29:41,16.6,,3731617332,AssertionError: config.fold must be 0 when running AutoPilot! Value: 7,,,
openml.org/t/7593,Covertype,AutoPilot,8,,local,1.0,,stable,2020-02-05T03:29:58,16.9,,3731617333,AssertionError: config.fold must be 0 when running AutoPilot! Value: 8,,,
openml.org/t/7593,Covertype,AutoPilot,9,,local,1.0,,stable,2020-02-05T03:30:14,16.7,,3731617334,AssertionError: config.fold must be 0 when running AutoPilot! Value: 9,,,
openml.org/t/31,credit-g,AutoPilot,0,,local,1.0,,stable,2020-02-04T04:18:19,305.7,,2111382903,AssertionError: Could not complete the data builder processing job. The AutoML Job cannot continue. Failed Job Arn: arn:aws:sagemaker:us-east-1:397262719838:processing-job/db-1-9a16792b5250409a942d...,,,
openml.org/t/31,credit-g,AutoPilot,1,,local,1.0,,stable,2020-02-04T04:18:19,0.1,,2111382904,AssertionError: config.fold must be 0 when running AutoPilot! Value: 1,,,
openml.org/t/31,credit-g,AutoPilot,2,,local,1.0,,stable,2020-02-04T04:18:19,0.1,,2111382905,AssertionError: config.fold must be 0 when running AutoPilot! Value: 2,,,
openml.org/t/31,credit-g,AutoPilot,3,,local,1.0,,stable,2020-02-04T04:18:19,0.1,,2111382906,AssertionError: config.fold must be 0 when running AutoPilot! Value: 3,,,
openml.org/t/31,credit-g,AutoPilot,4,,local,1.0,,stable,2020-02-04T04:18:19,0.1,,2111382907,AssertionError: config.fold must be 0 when running AutoPilot! Value: 4,,,
openml.org/t/31,credit-g,AutoPilot,5,,local,1.0,,stable,2020-02-04T04:18:19,0.1,,2111382908,AssertionError: config.fold must be 0 when running AutoPilot! Value: 5,,,
openml.org/t/31,credit-g,AutoPilot,6,,local,1.0,,stable,2020-02-04T04:18:19,0.1,,2111382909,AssertionError: config.fold must be 0 when running AutoPilot! Value: 6,,,
openml.org/t/31,credit-g,AutoPilot,7,,local,1.0,,stable,2020-02-04T04:18:20,0.1,,2111382910,AssertionError: config.fold must be 0 when running AutoPilot! Value: 7,,,
openml.org/t/31,credit-g,AutoPilot,8,,local,1.0,,stable,2020-02-04T04:18:20,0.1,,2111382911,AssertionError: config.fold must be 0 when running AutoPilot! Value: 8,,,
openml.org/t/31,credit-g,AutoPilot,9,,local,1.0,,stable,2020-02-04T04:18:20,0.1,,2111382912,AssertionError: config.fold must be 0 when running AutoPilot! Value: 9,,,
openml.org/t/168909,dilbert,AutoPilot,0,0.9790000000000001,local,1.0,,stable,2020-02-04T05:26:24,3691.9,10.0,2783871126,,0.9790000000000001,1.0,243.666
openml.org/t/168909,dilbert,AutoPilot,1,,local,1.0,,stable,2020-02-04T05:27:26,61.8,,2783871127,AssertionError: config.fold must be 0 when running AutoPilot! Value: 1,,,
openml.org/t/168909,dilbert,AutoPilot,2,,local,1.0,,stable,2020-02-04T05:28:28,61.9,,2783871128,AssertionError: config.fold must be 0 when running AutoPilot! Value: 2,,,
openml.org/t/168909,dilbert,AutoPilot,3,,local,1.0,,stable,2020-02-04T05:29:30,62.0,,2783871129,AssertionError: config.fold must be 0 when running AutoPilot! Value: 3,,,
openml.org/t/168909,dilbert,AutoPilot,4,,local,1.0,,stable,2020-02-04T05:30:31,61.6,,2783871130,AssertionError: config.fold must be 0 when running AutoPilot! Value: 4,,,
openml.org/t/168909,dilbert,AutoPilot,5,,local,1.0,,stable,2020-02-04T05:31:33,61.7,,2783871131,AssertionError: config.fold must be 0 when running AutoPilot! Value: 5,,,
openml.org/t/168909,dilbert,AutoPilot,6,,local,1.0,,stable,2020-02-04T05:32:35,61.9,,2783871132,AssertionError: config.fold must be 0 when running AutoPilot! Value: 6,,,
openml.org/t/168909,dilbert,AutoPilot,7,,local,1.0,,stable,2020-02-04T05:33:36,61.5,,2783871133,AssertionError: config.fold must be 0 when running AutoPilot! Value: 7,,,
openml.org/t/168909,dilbert,AutoPilot,8,,local,1.0,,stable,2020-02-04T05:34:39,62.2,,2783871134,AssertionError: config.fold must be 0 when running AutoPilot! Value: 8,,,
openml.org/t/168909,dilbert,AutoPilot,9,,local,1.0,,stable,2020-02-04T05:35:41,62.7,,2783871135,AssertionError: config.fold must be 0 when running AutoPilot! Value: 9,,,
openml.org/t/189355,Dionis,AutoPilot,0,,local,1.0,,stable,2020-02-05T03:43:20,780.4,,1343853432,AssertionError: Could not complete the candidate generation processing job. The AutoML Job cannot continue. Failed Job Arn: arn:aws:sagemaker:us-east-1:397262719838:processing-job/pr-1-217b5b887b40...,,,
openml.org/t/189355,Dionis,AutoPilot,1,,local,1.0,,stable,2020-02-05T03:43:44,24.6,,1343853433,AssertionError: config.fold must be 0 when running AutoPilot! Value: 1,,,
openml.org/t/189355,Dionis,AutoPilot,2,,local,1.0,,stable,2020-02-05T03:44:09,24.2,,1343853434,AssertionError: config.fold must be 0 when running AutoPilot! Value: 2,,,
openml.org/t/189355,Dionis,AutoPilot,3,,local,1.0,,stable,2020-02-05T03:44:33,24.4,,1343853435,AssertionError: config.fold must be 0 when running AutoPilot! Value: 3,,,
openml.org/t/189355,Dionis,AutoPilot,4,,local,1.0,,stable,2020-02-05T03:44:57,24.2,,1343853436,AssertionError: config.fold must be 0 when running AutoPilot! Value: 4,,,
openml.org/t/189355,Dionis,AutoPilot,5,,local,1.0,,stable,2020-02-05T03:45:22,24.4,,1343853437,AssertionError: config.fold must be 0 when running AutoPilot! Value: 5,,,
openml.org/t/189355,Dionis,AutoPilot,6,,local,1.0,,stable,2020-02-05T03:45:46,24.1,,1343853438,AssertionError: config.fold must be 0 when running AutoPilot! Value: 6,,,
openml.org/t/189355,Dionis,AutoPilot,7,,local,1.0,,stable,2020-02-05T03:46:10,24.1,,1343853439,AssertionError: config.fold must be 0 when running AutoPilot! Value: 7,,,
openml.org/t/189355,Dionis,AutoPilot,8,,local,1.0,,stable,2020-02-05T03:46:34,24.3,,1343853440,AssertionError: config.fold must be 0 when running AutoPilot! Value: 8,,,
openml.org/t/189355,Dionis,AutoPilot,9,,local,1.0,,stable,2020-02-05T03:46:58,23.8,,1343853441,AssertionError: config.fold must be 0 when running AutoPilot! Value: 9,,,
openml.org/t/168910,fabert,AutoPilot,0,0.723301,local,1.0,,stable,2020-02-04T06:41:30,3670.5,10.0,586720688,,0.723301,1.0,241.063
openml.org/t/168910,fabert,AutoPilot,1,,local,1.0,,stable,2020-02-04T06:41:46,16.4,,586720689,AssertionError: config.fold must be 0 when running AutoPilot! Value: 1,,,
openml.org/t/168910,fabert,AutoPilot,2,,local,1.0,,stable,2020-02-04T06:42:03,16.2,,586720690,AssertionError: config.fold must be 0 when running AutoPilot! Value: 2,,,
openml.org/t/168910,fabert,AutoPilot,3,,local,1.0,,stable,2020-02-04T06:42:19,16.4,,586720691,AssertionError: config.fold must be 0 when running AutoPilot! Value: 3,,,
openml.org/t/168910,fabert,AutoPilot,4,,local,1.0,,stable,2020-02-04T06:42:35,16.5,,586720692,AssertionError: config.fold must be 0 when running AutoPilot! Value: 4,,,
openml.org/t/168910,fabert,AutoPilot,5,,local,1.0,,stable,2020-02-04T06:42:51,16.1,,586720693,AssertionError: config.fold must be 0 when running AutoPilot! Value: 5,,,
openml.org/t/168910,fabert,AutoPilot,6,,local,1.0,,stable,2020-02-04T06:43:08,16.0,,586720694,AssertionError: config.fold must be 0 when running AutoPilot! Value: 6,,,
openml.org/t/168910,fabert,AutoPilot,7,,local,1.0,,stable,2020-02-04T06:43:24,16.2,,586720695,AssertionError: config.fold must be 0 when running AutoPilot! Value: 7,,,
openml.org/t/168910,fabert,AutoPilot,8,,local,1.0,,stable,2020-02-04T06:43:40,16.0,,586720696,AssertionError: config.fold must be 0 when running AutoPilot! Value: 8,,,
openml.org/t/168910,fabert,AutoPilot,9,,local,1.0,,stable,2020-02-04T06:43:56,16.0,,586720697,AssertionError: config.fold must be 0 when running AutoPilot! Value: 9,,,
openml.org/t/146825,Fashion-MNIST,AutoPilot,0,,local,1.0,,stable,2020-02-04T07:36:13,3810.2,,2179293985,AssertionError: AutoPilot did not finish training any models,,,
openml.org/t/146825,Fashion-MNIST,AutoPilot,1,,local,1.0,,stable,2020-02-04T07:36:32,19.1,,2179293986,AssertionError: config.fold must be 0 when running AutoPilot! Value: 1,,,
openml.org/t/146825,Fashion-MNIST,AutoPilot,2,,local,1.0,,stable,2020-02-04T07:36:51,18.9,,2179293987,AssertionError: config.fold must be 0 when running AutoPilot! Value: 2,,,
openml.org/t/146825,Fashion-MNIST,AutoPilot,3,,local,1.0,,stable,2020-02-04T07:37:10,19.0,,2179293988,AssertionError: config.fold must be 0 when running AutoPilot! Value: 3,,,
openml.org/t/146825,Fashion-MNIST,AutoPilot,4,,local,1.0,,stable,2020-02-04T07:37:29,18.5,,2179293989,AssertionError: config.fold must be 0 when running AutoPilot! Value: 4,,,
openml.org/t/146825,Fashion-MNIST,AutoPilot,5,,local,1.0,,stable,2020-02-04T07:37:47,18.6,,2179293990,AssertionError: config.fold must be 0 when running AutoPilot! Value: 5,,,
openml.org/t/146825,Fashion-MNIST,AutoPilot,6,,local,1.0,,stable,2020-02-04T07:38:06,18.7,,2179293991,AssertionError: config.fold must be 0 when running AutoPilot! Value: 6,,,
openml.org/t/146825,Fashion-MNIST,AutoPilot,7,,local,1.0,,stable,2020-02-04T07:38:25,18.9,,2179293992,AssertionError: config.fold must be 0 when running AutoPilot! Value: 7,,,
openml.org/t/146825,Fashion-MNIST,AutoPilot,8,,local,1.0,,stable,2020-02-04T07:38:44,19.1,,2179293993,AssertionError: config.fold must be 0 when running AutoPilot! Value: 8,,,
openml.org/t/146825,Fashion-MNIST,AutoPilot,9,,local,1.0,,stable,2020-02-04T07:39:02,18.4,,2179293994,AssertionError: config.fold must be 0 when running AutoPilot! Value: 9,,,
openml.org/t/168337,guiellermo,AutoPilot,0,,local,1.0,,stable,2020-02-04T08:53:09,4443.6,,4249021789,AssertionError: AutoPilot did not finish training any models,,,
openml.org/t/168337,guiellermo,AutoPilot,1,,local,1.0,,stable,2020-02-04T08:56:19,190.6,,4249021790,AssertionError: config.fold must be 0 when running AutoPilot! Value: 1,,,
openml.org/t/168337,guiellermo,AutoPilot,2,,local,1.0,,stable,2020-02-04T08:59:29,190.1,,4249021791,AssertionError: config.fold must be 0 when running AutoPilot! Value: 2,,,
openml.org/t/168337,guiellermo,AutoPilot,3,,local,1.0,,stable,2020-02-04T09:02:40,190.4,,4249021792,AssertionError: config.fold must be 0 when running AutoPilot! Value: 3,,,
openml.org/t/168337,guiellermo,AutoPilot,4,,local,1.0,,stable,2020-02-04T09:05:48,188.7,,4249021793,AssertionError: config.fold must be 0 when running AutoPilot! Value: 4,,,
openml.org/t/168337,guiellermo,AutoPilot,5,,local,1.0,,stable,2020-02-04T09:08:58,189.7,,4249021794,AssertionError: config.fold must be 0 when running AutoPilot! Value: 5,,,
openml.org/t/168337,guiellermo,AutoPilot,6,,local,1.0,,stable,2020-02-04T09:12:07,188.8,,4249021795,AssertionError: config.fold must be 0 when running AutoPilot! Value: 6,,,
openml.org/t/168337,guiellermo,AutoPilot,7,,local,1.0,,stable,2020-02-04T09:15:19,191.9,,4249021796,AssertionError: config.fold must be 0 when running AutoPilot! Value: 7,,,
openml.org/t/168337,guiellermo,AutoPilot,8,,local,1.0,,stable,2020-02-04T09:18:30,191.1,,4249021797,AssertionError: config.fold must be 0 when running AutoPilot! Value: 8,,,
openml.org/t/168337,guiellermo,AutoPilot,9,,local,1.0,,stable,2020-02-04T09:21:41,191.6,,4249021798,AssertionError: config.fold must be 0 when running AutoPilot! Value: 9,,,
openml.org/t/168329,Helena,AutoPilot,0,0.366104,local,1.0,,stable,2020-02-04T22:31:41,63.9,10.0,2943045006,,0.366104,1.0,331.56199999999995
openml.org/t/168329,Helena,AutoPilot,1,,local,1.0,,stable,2020-02-04T22:31:47,6.1,,2943045007,AssertionError: config.fold must be 0 when running AutoPilot! Value: 1,,,
openml.org/t/168329,Helena,AutoPilot,2,,local,1.0,,stable,2020-02-04T22:31:53,6.0,,2943045008,AssertionError: config.fold must be 0 when running AutoPilot! Value: 2,,,
openml.org/t/168329,Helena,AutoPilot,3,,local,1.0,,stable,2020-02-04T22:31:59,6.0,,2943045009,AssertionError: config.fold must be 0 when running AutoPilot! Value: 3,,,
openml.org/t/168329,Helena,AutoPilot,4,,local,1.0,,stable,2020-02-04T22:32:05,6.0,,2943045010,AssertionError: config.fold must be 0 when running AutoPilot! Value: 4,,,
openml.org/t/168329,Helena,AutoPilot,5,,local,1.0,,stable,2020-02-04T22:32:11,5.9,,2943045011,AssertionError: config.fold must be 0 when running AutoPilot! Value: 5,,,
openml.org/t/168329,Helena,AutoPilot,6,,local,1.0,,stable,2020-02-04T22:32:17,6.0,,2943045012,AssertionError: config.fold must be 0 when running AutoPilot! Value: 6,,,
openml.org/t/168329,Helena,AutoPilot,7,,local,1.0,,stable,2020-02-04T22:32:23,5.9,,2943045013,AssertionError: config.fold must be 0 when running AutoPilot! Value: 7,,,
openml.org/t/168329,Helena,AutoPilot,8,,local,1.0,,stable,2020-02-04T22:32:29,6.0,,2943045014,AssertionError: config.fold must be 0 when running AutoPilot! Value: 8,,,
openml.org/t/168329,Helena,AutoPilot,9,,local,1.0,,stable,2020-02-04T22:32:35,5.9,,2943045015,AssertionError: config.fold must be 0 when running AutoPilot! Value: 9,,,
openml.org/t/146606,higgs,AutoPilot,0,0.714125,local,1.0,,stable,2020-02-04T11:34:07,3678.9,10.0,900174879,,0.714125,1.0,241.072
openml.org/t/146606,higgs,AutoPilot,1,,local,1.0,,stable,2020-02-04T11:34:09,2.3,,900174880,AssertionError: config.fold must be 0 when running AutoPilot! Value: 1,,,
openml.org/t/146606,higgs,AutoPilot,2,,local,1.0,,stable,2020-02-04T11:34:11,2.3,,900174881,AssertionError: config.fold must be 0 when running AutoPilot! Value: 2,,,
openml.org/t/146606,higgs,AutoPilot,3,,local,1.0,,stable,2020-02-04T11:34:14,2.3,,900174882,AssertionError: config.fold must be 0 when running AutoPilot! Value: 3,,,
openml.org/t/146606,higgs,AutoPilot,4,,local,1.0,,stable,2020-02-04T11:34:16,2.3,,900174883,AssertionError: config.fold must be 0 when running AutoPilot! Value: 4,,,
openml.org/t/146606,higgs,AutoPilot,5,,local,1.0,,stable,2020-02-04T11:34:18,2.3,,900174884,AssertionError: config.fold must be 0 when running AutoPilot! Value: 5,,,
openml.org/t/146606,higgs,AutoPilot,6,,local,1.0,,stable,2020-02-04T11:34:21,2.5,,900174885,AssertionError: config.fold must be 0 when running AutoPilot! Value: 6,,,
openml.org/t/146606,higgs,AutoPilot,7,,local,1.0,,stable,2020-02-04T11:34:23,2.3,,900174886,AssertionError: config.fold must be 0 when running AutoPilot! Value: 7,,,
openml.org/t/146606,higgs,AutoPilot,8,,local,1.0,,stable,2020-02-04T11:34:25,2.1,,900174887,AssertionError: config.fold must be 0 when running AutoPilot! Value: 8,,,
openml.org/t/146606,higgs,AutoPilot,9,,local,1.0,,stable,2020-02-04T11:34:28,2.5,,900174888,AssertionError: config.fold must be 0 when running AutoPilot! Value: 9,,,
openml.org/t/168330,Jannis,AutoPilot,0,0.7187720000000001,local,1.0,,stable,2020-02-04T12:40:58,3689.3,10.0,285979365,,0.7187720000000001,1.0,271.277
openml.org/t/168330,Jannis,AutoPilot,1,,local,1.0,,stable,2020-02-04T12:41:03,4.5,,285979366,AssertionError: config.fold must be 0 when running AutoPilot! Value: 1,,,
openml.org/t/168330,Jannis,AutoPilot,2,,local,1.0,,stable,2020-02-04T12:41:08,4.5,,285979367,AssertionError: config.fold must be 0 when running AutoPilot! Value: 2,,,
openml.org/t/168330,Jannis,AutoPilot,3,,local,1.0,,stable,2020-02-04T12:41:12,4.5,,285979368,AssertionError: config.fold must be 0 when running AutoPilot! Value: 3,,,
openml.org/t/168330,Jannis,AutoPilot,4,,local,1.0,,stable,2020-02-04T12:41:16,4.3,,285979369,AssertionError: config.fold must be 0 when running AutoPilot! Value: 4,,,
openml.org/t/168330,Jannis,AutoPilot,5,,local,1.0,,stable,2020-02-04T12:41:21,4.5,,285979370,AssertionError: config.fold must be 0 when running AutoPilot! Value: 5,,,
openml.org/t/168330,Jannis,AutoPilot,6,,local,1.0,,stable,2020-02-04T12:41:25,4.5,,285979371,AssertionError: config.fold must be 0 when running AutoPilot! Value: 6,,,
openml.org/t/168330,Jannis,AutoPilot,7,,local,1.0,,stable,2020-02-04T12:41:30,4.4,,285979372,AssertionError: config.fold must be 0 when running AutoPilot! Value: 7,,,
openml.org/t/168330,Jannis,AutoPilot,8,,local,1.0,,stable,2020-02-04T12:41:34,4.4,,285979373,AssertionError: config.fold must be 0 when running AutoPilot! Value: 8,,,
openml.org/t/168330,Jannis,AutoPilot,9,,local,1.0,,stable,2020-02-04T12:41:39,4.4,,285979374,AssertionError: config.fold must be 0 when running AutoPilot! Value: 9,,,
openml.org/t/168911,jasmine,AutoPilot,0,0.785953,local,1.0,,stable,2020-02-04T07:49:16,3666.3,10.0,2291146851,,0.785953,1.0,240.514
openml.org/t/168911,jasmine,AutoPilot,1,,local,1.0,,stable,2020-02-04T07:49:19,2.5,,2291146852,AssertionError: config.fold must be 0 when running AutoPilot! Value: 1,,,
openml.org/t/168911,jasmine,AutoPilot,2,,local,1.0,,stable,2020-02-04T07:49:21,2.5,,2291146853,AssertionError: config.fold must be 0 when running AutoPilot! Value: 2,,,
openml.org/t/168911,jasmine,AutoPilot,3,,local,1.0,,stable,2020-02-04T07:49:24,2.5,,2291146854,AssertionError: config.fold must be 0 when running AutoPilot! Value: 3,,,
openml.org/t/168911,jasmine,AutoPilot,4,,local,1.0,,stable,2020-02-04T07:49:26,2.5,,2291146855,AssertionError: config.fold must be 0 when running AutoPilot! Value: 4,,,
openml.org/t/168911,jasmine,AutoPilot,5,,local,1.0,,stable,2020-02-04T07:49:29,2.6,,2291146856,AssertionError: config.fold must be 0 when running AutoPilot! Value: 5,,,
openml.org/t/168911,jasmine,AutoPilot,6,,local,1.0,,stable,2020-02-04T07:49:32,2.5,,2291146857,AssertionError: config.fold must be 0 when running AutoPilot! Value: 6,,,
openml.org/t/168911,jasmine,AutoPilot,7,,local,1.0,,stable,2020-02-04T07:49:34,2.5,,2291146858,AssertionError: config.fold must be 0 when running AutoPilot! Value: 7,,,
openml.org/t/168911,jasmine,AutoPilot,8,,local,1.0,,stable,2020-02-04T07:49:37,2.5,,2291146859,AssertionError: config.fold must be 0 when running AutoPilot! Value: 8,,,
openml.org/t/168911,jasmine,AutoPilot,9,,local,1.0,,stable,2020-02-04T07:49:39,2.5,,2291146860,AssertionError: config.fold must be 0 when running AutoPilot! Value: 9,,,
openml.org/t/167119,jungle_chess_2pcs_raw_endgame_complete,AutoPilot,0,0.954485,local,1.0,,stable,2020-02-04T13:46:51,3666.7,10.0,689741955,,0.954485,1.0,240.47
openml.org/t/167119,jungle_chess_2pcs_raw_endgame_complete,AutoPilot,1,,local,1.0,,stable,2020-02-04T13:46:51,0.4,,689741956,AssertionError: config.fold must be 0 when running AutoPilot! Value: 1,,,
openml.org/t/167119,jungle_chess_2pcs_raw_endgame_complete,AutoPilot,2,,local,1.0,,stable,2020-02-04T13:46:52,0.3,,689741957,AssertionError: config.fold must be 0 when running AutoPilot! Value: 2,,,
openml.org/t/167119,jungle_chess_2pcs_raw_endgame_complete,AutoPilot,3,,local,1.0,,stable,2020-02-04T13:46:52,0.4,,689741958,AssertionError: config.fold must be 0 when running AutoPilot! Value: 3,,,
openml.org/t/167119,jungle_chess_2pcs_raw_endgame_complete,AutoPilot,4,,local,1.0,,stable,2020-02-04T13:46:52,0.3,,689741959,AssertionError: config.fold must be 0 when running AutoPilot! Value: 4,,,
openml.org/t/167119,jungle_chess_2pcs_raw_endgame_complete,AutoPilot,5,,local,1.0,,stable,2020-02-04T13:46:53,0.4,,689741960,AssertionError: config.fold must be 0 when running AutoPilot! Value: 5,,,
openml.org/t/167119,jungle_chess_2pcs_raw_endgame_complete,AutoPilot,6,,local,1.0,,stable,2020-02-04T13:46:53,0.3,,689741961,AssertionError: config.fold must be 0 when running AutoPilot! Value: 6,,,
openml.org/t/167119,jungle_chess_2pcs_raw_endgame_complete,AutoPilot,7,,local,1.0,,stable,2020-02-04T13:46:53,0.4,,689741962,AssertionError: config.fold must be 0 when running AutoPilot! Value: 7,,,
openml.org/t/167119,jungle_chess_2pcs_raw_endgame_complete,AutoPilot,8,,local,1.0,,stable,2020-02-04T13:46:54,0.3,,689741963,AssertionError: config.fold must be 0 when running AutoPilot! Value: 8,,,
openml.org/t/167119,jungle_chess_2pcs_raw_endgame_complete,AutoPilot,9,,local,1.0,,stable,2020-02-04T13:46:54,0.4,,689741964,AssertionError: config.fold must be 0 when running AutoPilot! Value: 9,,,
openml.org/t/3917,kc1,AutoPilot,0,,local,1.0,,stable,2020-02-04T08:54:50,3908.4,,300378651,"KeyError: ""None of [Index(['false', 'true'], dtype='object')] are in the [columns]""",,,
openml.org/t/3917,kc1,AutoPilot,1,,local,1.0,,stable,2020-02-04T08:54:50,0.0,,300378652,AssertionError: config.fold must be 0 when running AutoPilot! Value: 1,,,
openml.org/t/3917,kc1,AutoPilot,2,,local,1.0,,stable,2020-02-04T08:54:50,0.0,,300378653,AssertionError: config.fold must be 0 when running AutoPilot! Value: 2,,,
openml.org/t/3917,kc1,AutoPilot,3,,local,1.0,,stable,2020-02-04T08:54:50,0.0,,300378654,AssertionError: config.fold must be 0 when running AutoPilot! Value: 3,,,
openml.org/t/3917,kc1,AutoPilot,4,,local,1.0,,stable,2020-02-04T08:54:50,0.0,,300378655,AssertionError: config.fold must be 0 when running AutoPilot! Value: 4,,,
openml.org/t/3917,kc1,AutoPilot,5,,local,1.0,,stable,2020-02-04T08:54:50,0.0,,300378656,AssertionError: config.fold must be 0 when running AutoPilot! Value: 5,,,
openml.org/t/3917,kc1,AutoPilot,6,,local,1.0,,stable,2020-02-04T08:54:50,0.0,,300378657,AssertionError: config.fold must be 0 when running AutoPilot! Value: 6,,,
openml.org/t/3917,kc1,AutoPilot,7,,local,1.0,,stable,2020-02-04T08:54:50,0.0,,300378658,AssertionError: config.fold must be 0 when running AutoPilot! Value: 7,,,
openml.org/t/3917,kc1,AutoPilot,8,,local,1.0,,stable,2020-02-04T08:54:50,0.0,,300378659,AssertionError: config.fold must be 0 when running AutoPilot! Value: 8,,,
openml.org/t/3917,kc1,AutoPilot,9,,local,1.0,,stable,2020-02-04T08:54:50,0.0,,300378660,AssertionError: config.fold must be 0 when running AutoPilot! Value: 9,,,
openml.org/t/3945,KDDCup09_appetency,AutoPilot,0,0.9822,local,1.0,,stable,2020-02-04T22:41:51,66.7,10.0,1408303871,,0.9822,1.0,271.20599999999996
openml.org/t/3945,KDDCup09_appetency,AutoPilot,1,,local,1.0,,stable,2020-02-04T22:42:03,12.1,,1408303872,AssertionError: config.fold must be 0 when running AutoPilot! Value: 1,,,
openml.org/t/3945,KDDCup09_appetency,AutoPilot,2,,local,1.0,,stable,2020-02-04T22:42:15,12.1,,1408303873,AssertionError: config.fold must be 0 when running AutoPilot! Value: 2,,,
openml.org/t/3945,KDDCup09_appetency,AutoPilot,3,,local,1.0,,stable,2020-02-04T22:42:27,12.0,,1408303874,AssertionError: config.fold must be 0 when running AutoPilot! Value: 3,,,
openml.org/t/3945,KDDCup09_appetency,AutoPilot,4,,local,1.0,,stable,2020-02-04T22:42:39,12.1,,1408303875,AssertionError: config.fold must be 0 when running AutoPilot! Value: 4,,,
openml.org/t/3945,KDDCup09_appetency,AutoPilot,5,,local,1.0,,stable,2020-02-04T22:42:52,12.2,,1408303876,AssertionError: config.fold must be 0 when running AutoPilot! Value: 5,,,
openml.org/t/3945,KDDCup09_appetency,AutoPilot,6,,local,1.0,,stable,2020-02-04T22:43:04,12.1,,1408303877,AssertionError: config.fold must be 0 when running AutoPilot! Value: 6,,,
openml.org/t/3945,KDDCup09_appetency,AutoPilot,7,,local,1.0,,stable,2020-02-04T22:43:16,12.1,,1408303878,AssertionError: config.fold must be 0 when running AutoPilot! Value: 7,,,
openml.org/t/3945,KDDCup09_appetency,AutoPilot,8,,local,1.0,,stable,2020-02-04T22:43:28,12.1,,1408303879,AssertionError: config.fold must be 0 when running AutoPilot! Value: 8,,,
openml.org/t/3945,KDDCup09_appetency,AutoPilot,9,,local,1.0,,stable,2020-02-04T22:43:40,12.3,,1408303880,AssertionError: config.fold must be 0 when running AutoPilot! Value: 9,,,
openml.org/t/3,kr-vs-kp,AutoPilot,0,0.99375,local,1.0,,stable,2020-02-04T10:00:05,3665.9,10.0,3818227023,,0.99375,1.0,240.565
openml.org/t/3,kr-vs-kp,AutoPilot,1,,local,1.0,,stable,2020-02-04T10:00:06,0.7,,3818227024,AssertionError: config.fold must be 0 when running AutoPilot! Value: 1,,,
openml.org/t/3,kr-vs-kp,AutoPilot,2,,local,1.0,,stable,2020-02-04T10:00:07,0.7,,3818227025,AssertionError: config.fold must be 0 when running AutoPilot! Value: 2,,,
openml.org/t/3,kr-vs-kp,AutoPilot,3,,local,1.0,,stable,2020-02-04T10:00:07,0.7,,3818227026,AssertionError: config.fold must be 0 when running AutoPilot! Value: 3,,,
openml.org/t/3,kr-vs-kp,AutoPilot,4,,local,1.0,,stable,2020-02-04T10:00:08,0.7,,3818227027,AssertionError: config.fold must be 0 when running AutoPilot! Value: 4,,,
openml.org/t/3,kr-vs-kp,AutoPilot,5,,local,1.0,,stable,2020-02-04T10:00:09,0.7,,3818227028,AssertionError: config.fold must be 0 when running AutoPilot! Value: 5,,,
openml.org/t/3,kr-vs-kp,AutoPilot,6,,local,1.0,,stable,2020-02-04T10:00:10,0.7,,3818227029,AssertionError: config.fold must be 0 when running AutoPilot! Value: 6,,,
openml.org/t/3,kr-vs-kp,AutoPilot,7,,local,1.0,,stable,2020-02-04T10:00:10,0.7,,3818227030,AssertionError: config.fold must be 0 when running AutoPilot! Value: 7,,,
openml.org/t/3,kr-vs-kp,AutoPilot,8,,local,1.0,,stable,2020-02-04T10:00:11,0.9,,3818227031,AssertionError: config.fold must be 0 when running AutoPilot! Value: 8,,,
openml.org/t/3,kr-vs-kp,AutoPilot,9,,local,1.0,,stable,2020-02-04T10:00:12,0.7,,3818227032,AssertionError: config.fold must be 0 when running AutoPilot! Value: 9,,,
openml.org/t/12,mfeat-factors,AutoPilot,0,0.965,local,1.0,,stable,2020-02-04T11:05:26,3666.9,10.0,1149185973,,0.965,1.0,240.61599999999999
openml.org/t/12,mfeat-factors,AutoPilot,1,,local,1.0,,stable,2020-02-04T11:05:26,0.3,,1149185974,AssertionError: config.fold must be 0 when running AutoPilot! Value: 1,,,
openml.org/t/12,mfeat-factors,AutoPilot,2,,local,1.0,,stable,2020-02-04T11:05:27,0.3,,1149185975,AssertionError: config.fold must be 0 when running AutoPilot! Value: 2,,,
openml.org/t/12,mfeat-factors,AutoPilot,3,,local,1.0,,stable,2020-02-04T11:05:27,0.3,,1149185976,AssertionError: config.fold must be 0 when running AutoPilot! Value: 3,,,
openml.org/t/12,mfeat-factors,AutoPilot,4,,local,1.0,,stable,2020-02-04T11:05:27,0.3,,1149185977,AssertionError: config.fold must be 0 when running AutoPilot! Value: 4,,,
openml.org/t/12,mfeat-factors,AutoPilot,5,,local,1.0,,stable,2020-02-04T11:05:27,0.3,,1149185978,AssertionError: config.fold must be 0 when running AutoPilot! Value: 5,,,
openml.org/t/12,mfeat-factors,AutoPilot,6,,local,1.0,,stable,2020-02-04T11:05:28,0.3,,1149185979,AssertionError: config.fold must be 0 when running AutoPilot! Value: 6,,,
openml.org/t/12,mfeat-factors,AutoPilot,7,,local,1.0,,stable,2020-02-04T11:05:28,0.3,,1149185980,AssertionError: config.fold must be 0 when running AutoPilot! Value: 7,,,
openml.org/t/12,mfeat-factors,AutoPilot,8,,local,1.0,,stable,2020-02-04T11:05:28,0.3,,1149185981,AssertionError: config.fold must be 0 when running AutoPilot! Value: 8,,,
openml.org/t/12,mfeat-factors,AutoPilot,9,,local,1.0,,stable,2020-02-04T11:05:29,0.3,,1149185982,AssertionError: config.fold must be 0 when running AutoPilot! Value: 9,,,
openml.org/t/168335,MiniBooNE,AutoPilot,0,0.940263,local,1.0,,stable,2020-02-04T15:59:13,3679.8,10.0,792062039,,0.940263,1.0,241.49200000000002
openml.org/t/168335,MiniBooNE,AutoPilot,1,,local,1.0,,stable,2020-02-04T15:59:18,4.6,,792062040,AssertionError: config.fold must be 0 when running AutoPilot! Value: 1,,,
openml.org/t/168335,MiniBooNE,AutoPilot,2,,local,1.0,,stable,2020-02-04T15:59:23,4.8,,792062041,AssertionError: config.fold must be 0 when running AutoPilot! Value: 2,,,
openml.org/t/168335,MiniBooNE,AutoPilot,3,,local,1.0,,stable,2020-02-04T15:59:27,4.6,,792062042,AssertionError: config.fold must be 0 when running AutoPilot! Value: 3,,,
openml.org/t/168335,MiniBooNE,AutoPilot,4,,local,1.0,,stable,2020-02-04T15:59:32,4.6,,792062043,AssertionError: config.fold must be 0 when running AutoPilot! Value: 4,,,
openml.org/t/168335,MiniBooNE,AutoPilot,5,,local,1.0,,stable,2020-02-04T15:59:37,4.8,,792062044,AssertionError: config.fold must be 0 when running AutoPilot! Value: 5,,,
openml.org/t/168335,MiniBooNE,AutoPilot,6,,local,1.0,,stable,2020-02-04T15:59:41,4.6,,792062045,AssertionError: config.fold must be 0 when running AutoPilot! Value: 6,,,
openml.org/t/168335,MiniBooNE,AutoPilot,7,,local,1.0,,stable,2020-02-04T15:59:46,4.6,,792062046,AssertionError: config.fold must be 0 when running AutoPilot! Value: 7,,,
openml.org/t/168335,MiniBooNE,AutoPilot,8,,local,1.0,,stable,2020-02-04T15:59:51,4.8,,792062047,AssertionError: config.fold must be 0 when running AutoPilot! Value: 8,,,
openml.org/t/168335,MiniBooNE,AutoPilot,9,,local,1.0,,stable,2020-02-04T15:59:56,4.6,,792062048,AssertionError: config.fold must be 0 when running AutoPilot! Value: 9,,,
openml.org/t/9977,nomao,AutoPilot,0,0.970409,local,1.0,,stable,2020-02-04T17:05:22,3669.9,10.0,3184126504,,0.970409,1.0,241.092
openml.org/t/9977,nomao,AutoPilot,1,,local,1.0,,stable,2020-02-04T17:05:24,1.9,,3184126505,AssertionError: config.fold must be 0 when running AutoPilot! Value: 1,,,
openml.org/t/9977,nomao,AutoPilot,2,,local,1.0,,stable,2020-02-04T17:05:26,2.0,,3184126506,AssertionError: config.fold must be 0 when running AutoPilot! Value: 2,,,
openml.org/t/9977,nomao,AutoPilot,3,,local,1.0,,stable,2020-02-04T17:05:28,1.9,,3184126507,AssertionError: config.fold must be 0 when running AutoPilot! Value: 3,,,
openml.org/t/9977,nomao,AutoPilot,4,,local,1.0,,stable,2020-02-04T17:05:30,1.9,,3184126508,AssertionError: config.fold must be 0 when running AutoPilot! Value: 4,,,
openml.org/t/9977,nomao,AutoPilot,5,,local,1.0,,stable,2020-02-04T17:05:32,2.0,,3184126509,AssertionError: config.fold must be 0 when running AutoPilot! Value: 5,,,
openml.org/t/9977,nomao,AutoPilot,6,,local,1.0,,stable,2020-02-04T17:05:34,1.9,,3184126510,AssertionError: config.fold must be 0 when running AutoPilot! Value: 6,,,
openml.org/t/9977,nomao,AutoPilot,7,,local,1.0,,stable,2020-02-04T17:05:36,2.1,,3184126511,AssertionError: config.fold must be 0 when running AutoPilot! Value: 7,,,
openml.org/t/9977,nomao,AutoPilot,8,,local,1.0,,stable,2020-02-04T17:05:37,1.9,,3184126512,AssertionError: config.fold must be 0 when running AutoPilot! Value: 8,,,
openml.org/t/9977,nomao,AutoPilot,9,,local,1.0,,stable,2020-02-04T17:05:39,1.9,,3184126513,AssertionError: config.fold must be 0 when running AutoPilot! Value: 9,,,
openml.org/t/167120,numerai28.6,AutoPilot,0,0.511316,local,1.0,,stable,2020-02-04T18:11:09,3671.5,10.0,2858238739,,0.511316,1.0,240.872
openml.org/t/167120,numerai28.6,AutoPilot,1,,local,1.0,,stable,2020-02-04T18:11:11,1.9,,2858238740,AssertionError: config.fold must be 0 when running AutoPilot! Value: 1,,,
openml.org/t/167120,numerai28.6,AutoPilot,2,,local,1.0,,stable,2020-02-04T18:11:13,1.8,,2858238741,AssertionError: config.fold must be 0 when running AutoPilot! Value: 2,,,
openml.org/t/167120,numerai28.6,AutoPilot,3,,local,1.0,,stable,2020-02-04T18:11:15,1.8,,2858238742,AssertionError: config.fold must be 0 when running AutoPilot! Value: 3,,,
openml.org/t/167120,numerai28.6,AutoPilot,4,,local,1.0,,stable,2020-02-04T18:11:17,1.8,,2858238743,AssertionError: config.fold must be 0 when running AutoPilot! Value: 4,,,
openml.org/t/167120,numerai28.6,AutoPilot,5,,local,1.0,,stable,2020-02-04T18:11:18,1.8,,2858238744,AssertionError: config.fold must be 0 when running AutoPilot! Value: 5,,,
openml.org/t/167120,numerai28.6,AutoPilot,6,,local,1.0,,stable,2020-02-04T18:11:20,1.8,,2858238745,AssertionError: config.fold must be 0 when running AutoPilot! Value: 6,,,
openml.org/t/167120,numerai28.6,AutoPilot,7,,local,1.0,,stable,2020-02-04T18:11:22,1.8,,2858238746,AssertionError: config.fold must be 0 when running AutoPilot! Value: 7,,,
openml.org/t/167120,numerai28.6,AutoPilot,8,,local,1.0,,stable,2020-02-04T18:11:24,1.8,,2858238747,AssertionError: config.fold must be 0 when running AutoPilot! Value: 8,,,
openml.org/t/167120,numerai28.6,AutoPilot,9,,local,1.0,,stable,2020-02-04T18:11:26,2.0,,2858238748,AssertionError: config.fold must be 0 when running AutoPilot! Value: 9,,,
openml.org/t/9952,phoneme,AutoPilot,0,0.900185,local,1.0,,stable,2020-02-04T12:10:43,3666.5,10.0,3126780866,,0.900185,1.0,240.638
openml.org/t/9952,phoneme,AutoPilot,1,,local,1.0,,stable,2020-02-04T12:10:44,0.1,,3126780867,AssertionError: config.fold must be 0 when running AutoPilot! Value: 1,,,
openml.org/t/9952,phoneme,AutoPilot,2,,local,1.0,,stable,2020-02-04T12:10:44,0.1,,3126780868,AssertionError: config.fold must be 0 when running AutoPilot! Value: 2,,,
openml.org/t/9952,phoneme,AutoPilot,3,,local,1.0,,stable,2020-02-04T12:10:44,0.1,,3126780869,AssertionError: config.fold must be 0 when running AutoPilot! Value: 3,,,
openml.org/t/9952,phoneme,AutoPilot,4,,local,1.0,,stable,2020-02-04T12:10:44,0.1,,3126780870,AssertionError: config.fold must be 0 when running AutoPilot! Value: 4,,,
openml.org/t/9952,phoneme,AutoPilot,5,,local,1.0,,stable,2020-02-04T12:10:44,0.3,,3126780871,AssertionError: config.fold must be 0 when running AutoPilot! Value: 5,,,
openml.org/t/9952,phoneme,AutoPilot,6,,local,1.0,,stable,2020-02-04T12:10:44,0.1,,3126780872,AssertionError: config.fold must be 0 when running AutoPilot! Value: 6,,,
openml.org/t/9952,phoneme,AutoPilot,7,,local,1.0,,stable,2020-02-04T12:10:44,0.1,,3126780873,AssertionError: config.fold must be 0 when running AutoPilot! Value: 7,,,
openml.org/t/9952,phoneme,AutoPilot,8,,local,1.0,,stable,2020-02-04T12:10:45,0.1,,3126780874,AssertionError: config.fold must be 0 when running AutoPilot! Value: 8,,,
openml.org/t/9952,phoneme,AutoPilot,9,,local,1.0,,stable,2020-02-04T12:10:45,0.1,,3126780875,AssertionError: config.fold must be 0 when running AutoPilot! Value: 9,,,
openml.org/t/168338,riccardo,AutoPilot,0,,local,1.0,,stable,2020-02-04T19:24:23,4374.7,,2433397504,AssertionError: AutoPilot did not finish training any models,,,
openml.org/t/168338,riccardo,AutoPilot,1,,local,1.0,,stable,2020-02-04T19:27:37,193.5,,2433397505,AssertionError: config.fold must be 0 when running AutoPilot! Value: 1,,,
openml.org/t/168338,riccardo,AutoPilot,2,,local,1.0,,stable,2020-02-04T19:30:50,193.3,,2433397506,AssertionError: config.fold must be 0 when running AutoPilot! Value: 2,,,
openml.org/t/168338,riccardo,AutoPilot,3,,local,1.0,,stable,2020-02-04T19:34:02,192.3,,2433397507,AssertionError: config.fold must be 0 when running AutoPilot! Value: 3,,,
openml.org/t/168338,riccardo,AutoPilot,4,,local,1.0,,stable,2020-02-04T19:37:14,191.6,,2433397508,AssertionError: config.fold must be 0 when running AutoPilot! Value: 4,,,
openml.org/t/168338,riccardo,AutoPilot,5,,local,1.0,,stable,2020-02-04T19:40:26,191.8,,2433397509,AssertionError: config.fold must be 0 when running AutoPilot! Value: 5,,,
openml.org/t/168338,riccardo,AutoPilot,6,,local,1.0,,stable,2020-02-04T19:43:37,191.5,,2433397510,AssertionError: config.fold must be 0 when running AutoPilot! Value: 6,,,
openml.org/t/168338,riccardo,AutoPilot,7,,local,1.0,,stable,2020-02-04T19:46:49,191.4,,2433397511,AssertionError: config.fold must be 0 when running AutoPilot! Value: 7,,,
openml.org/t/168338,riccardo,AutoPilot,8,,local,1.0,,stable,2020-02-04T19:49:58,189.4,,2433397512,AssertionError: config.fold must be 0 when running AutoPilot! Value: 8,,,
openml.org/t/168338,riccardo,AutoPilot,9,,local,1.0,,stable,2020-02-04T19:53:08,190.4,,2433397513,AssertionError: config.fold must be 0 when running AutoPilot! Value: 9,,,
openml.org/t/168332,Robert,AutoPilot,0,,local,1.0,,stable,2020-02-04T21:06:23,4390.5,,356183869,AssertionError: AutoPilot did not finish training any models,,,
openml.org/t/168332,Robert,AutoPilot,1,,local,1.0,,stable,2020-02-04T21:09:56,212.2,,356183870,AssertionError: config.fold must be 0 when running AutoPilot! Value: 1,,,
openml.org/t/168332,Robert,AutoPilot,2,,local,1.0,,stable,2020-02-04T21:13:18,202.6,,356183871,AssertionError: config.fold must be 0 when running AutoPilot! Value: 2,,,
openml.org/t/168332,Robert,AutoPilot,3,,local,1.0,,stable,2020-02-04T21:16:40,202.3,,356183872,AssertionError: config.fold must be 0 when running AutoPilot! Value: 3,,,
openml.org/t/168332,Robert,AutoPilot,4,,local,1.0,,stable,2020-02-04T21:20:06,205.2,,356183873,AssertionError: config.fold must be 0 when running AutoPilot! Value: 4,,,
openml.org/t/168332,Robert,AutoPilot,5,,local,1.0,,stable,2020-02-04T21:23:32,206.2,,356183874,AssertionError: config.fold must be 0 when running AutoPilot! Value: 5,,,
openml.org/t/168332,Robert,AutoPilot,6,,local,1.0,,stable,2020-02-04T21:27:00,208.3,,356183875,AssertionError: config.fold must be 0 when running AutoPilot! Value: 6,,,
openml.org/t/168332,Robert,AutoPilot,7,,local,1.0,,stable,2020-02-04T21:30:31,211.1,,356183876,AssertionError: config.fold must be 0 when running AutoPilot! Value: 7,,,
openml.org/t/168332,Robert,AutoPilot,8,,local,1.0,,stable,2020-02-04T21:34:00,208.9,,356183877,AssertionError: config.fold must be 0 when running AutoPilot! Value: 8,,,
openml.org/t/168332,Robert,AutoPilot,9,,local,1.0,,stable,2020-02-04T21:37:24,204.0,,356183878,AssertionError: config.fold must be 0 when running AutoPilot! Value: 9,,,
openml.org/t/146822,segment,AutoPilot,0,0.9870129999999999,local,1.0,,stable,2020-02-04T13:16:00,3667.1,10.0,354989096,,0.9870129999999999,1.0,240.55700000000002
openml.org/t/146822,segment,AutoPilot,1,,local,1.0,,stable,2020-02-04T13:16:00,0.2,,354989097,AssertionError: config.fold must be 0 when running AutoPilot! Value: 1,,,
openml.org/t/146822,segment,AutoPilot,2,,local,1.0,,stable,2020-02-04T13:16:00,0.2,,354989098,AssertionError: config.fold must be 0 when running AutoPilot! Value: 2,,,
openml.org/t/146822,segment,AutoPilot,3,,local,1.0,,stable,2020-02-04T13:16:00,0.2,,354989099,AssertionError: config.fold must be 0 when running AutoPilot! Value: 3,,,
openml.org/t/146822,segment,AutoPilot,4,,local,1.0,,stable,2020-02-04T13:16:00,0.2,,354989100,AssertionError: config.fold must be 0 when running AutoPilot! Value: 4,,,
openml.org/t/146822,segment,AutoPilot,5,,local,1.0,,stable,2020-02-04T13:16:01,0.2,,354989101,AssertionError: config.fold must be 0 when running AutoPilot! Value: 5,,,
openml.org/t/146822,segment,AutoPilot,6,,local,1.0,,stable,2020-02-04T13:16:01,0.2,,354989102,AssertionError: config.fold must be 0 when running AutoPilot! Value: 6,,,
openml.org/t/146822,segment,AutoPilot,7,,local,1.0,,stable,2020-02-04T13:16:01,0.2,,354989103,AssertionError: config.fold must be 0 when running AutoPilot! Value: 7,,,
openml.org/t/146822,segment,AutoPilot,8,,local,1.0,,stable,2020-02-04T13:16:01,0.2,,354989104,AssertionError: config.fold must be 0 when running AutoPilot! Value: 8,,,
openml.org/t/146822,segment,AutoPilot,9,,local,1.0,,stable,2020-02-04T13:16:01,0.2,,354989105,AssertionError: config.fold must be 0 when running AutoPilot! Value: 9,,,
openml.org/t/146212,Shuttle,AutoPilot,0,0.999655,local,1.0,,stable,2020-02-04T22:43:08,3667.3,10.0,1312590002,,0.999655,1.0,270.64799999999997
openml.org/t/146212,Shuttle,AutoPilot,1,,local,1.0,,stable,2020-02-04T22:43:09,0.5,,1312590003,AssertionError: config.fold must be 0 when running AutoPilot! Value: 1,,,
openml.org/t/146212,Shuttle,AutoPilot,2,,local,1.0,,stable,2020-02-04T22:43:10,0.6,,1312590004,AssertionError: config.fold must be 0 when running AutoPilot! Value: 2,,,
openml.org/t/146212,Shuttle,AutoPilot,3,,local,1.0,,stable,2020-02-04T22:43:10,0.6,,1312590005,AssertionError: config.fold must be 0 when running AutoPilot! Value: 3,,,
openml.org/t/146212,Shuttle,AutoPilot,4,,local,1.0,,stable,2020-02-04T22:43:11,0.4,,1312590006,AssertionError: config.fold must be 0 when running AutoPilot! Value: 4,,,
openml.org/t/146212,Shuttle,AutoPilot,5,,local,1.0,,stable,2020-02-04T22:43:11,0.6,,1312590007,AssertionError: config.fold must be 0 when running AutoPilot! Value: 5,,,
openml.org/t/146212,Shuttle,AutoPilot,6,,local,1.0,,stable,2020-02-04T22:43:12,0.4,,1312590008,AssertionError: config.fold must be 0 when running AutoPilot! Value: 6,,,
openml.org/t/146212,Shuttle,AutoPilot,7,,local,1.0,,stable,2020-02-04T22:43:12,0.6,,1312590009,AssertionError: config.fold must be 0 when running AutoPilot! Value: 7,,,
openml.org/t/146212,Shuttle,AutoPilot,8,,local,1.0,,stable,2020-02-04T22:43:13,0.6,,1312590010,AssertionError: config.fold must be 0 when running AutoPilot! Value: 8,,,
openml.org/t/146212,Shuttle,AutoPilot,9,,local,1.0,,stable,2020-02-04T22:43:13,0.4,,1312590011,AssertionError: config.fold must be 0 when running AutoPilot! Value: 9,,,
openml.org/t/168912,sylvine,AutoPilot,0,0.937622,local,1.0,,stable,2020-02-04T14:21:47,3666.5,10.0,351135894,,0.937622,1.0,270.59
openml.org/t/168912,sylvine,AutoPilot,1,,local,1.0,,stable,2020-02-04T14:21:47,0.3,,351135895,AssertionError: config.fold must be 0 when running AutoPilot! Value: 1,,,
openml.org/t/168912,sylvine,AutoPilot,2,,local,1.0,,stable,2020-02-04T14:21:47,0.3,,351135896,AssertionError: config.fold must be 0 when running AutoPilot! Value: 2,,,
openml.org/t/168912,sylvine,AutoPilot,3,,local,1.0,,stable,2020-02-04T14:21:47,0.3,,351135897,AssertionError: config.fold must be 0 when running AutoPilot! Value: 3,,,
openml.org/t/168912,sylvine,AutoPilot,4,,local,1.0,,stable,2020-02-04T14:21:48,0.3,,351135898,AssertionError: config.fold must be 0 when running AutoPilot! Value: 4,,,
openml.org/t/168912,sylvine,AutoPilot,5,,local,1.0,,stable,2020-02-04T14:21:48,0.4,,351135899,AssertionError: config.fold must be 0 when running AutoPilot! Value: 5,,,
openml.org/t/168912,sylvine,AutoPilot,6,,local,1.0,,stable,2020-02-04T14:21:49,0.3,,351135900,AssertionError: config.fold must be 0 when running AutoPilot! Value: 6,,,
openml.org/t/168912,sylvine,AutoPilot,7,,local,1.0,,stable,2020-02-04T14:21:49,0.3,,351135901,AssertionError: config.fold must be 0 when running AutoPilot! Value: 7,,,
openml.org/t/168912,sylvine,AutoPilot,8,,local,1.0,,stable,2020-02-04T14:21:49,0.3,,351135902,AssertionError: config.fold must be 0 when running AutoPilot! Value: 8,,,
openml.org/t/168912,sylvine,AutoPilot,9,,local,1.0,,stable,2020-02-04T14:21:50,0.3,,351135903,AssertionError: config.fold must be 0 when running AutoPilot! Value: 9,,,
openml.org/t/53,vehicle,AutoPilot,0,,local,1.0,,stable,2020-02-04T14:25:59,245.4,,2423436338,AssertionError: Could not complete the data builder processing job. The AutoML Job cannot continue. Failed Job Arn: arn:aws:sagemaker:us-east-1:397262719838:processing-job/db-1-c08b5787626445268cdc...,,,
openml.org/t/53,vehicle,AutoPilot,1,,local,1.0,,stable,2020-02-04T14:25:59,0.0,,2423436339,AssertionError: config.fold must be 0 when running AutoPilot! Value: 1,,,
openml.org/t/53,vehicle,AutoPilot,2,,local,1.0,,stable,2020-02-04T14:25:59,0.0,,2423436340,AssertionError: config.fold must be 0 when running AutoPilot! Value: 2,,,
openml.org/t/53,vehicle,AutoPilot,3,,local,1.0,,stable,2020-02-04T14:25:59,0.0,,2423436341,AssertionError: config.fold must be 0 when running AutoPilot! Value: 3,,,
openml.org/t/53,vehicle,AutoPilot,4,,local,1.0,,stable,2020-02-04T14:25:59,0.0,,2423436342,AssertionError: config.fold must be 0 when running AutoPilot! Value: 4,,,
openml.org/t/53,vehicle,AutoPilot,5,,local,1.0,,stable,2020-02-04T14:25:59,0.0,,2423436343,AssertionError: config.fold must be 0 when running AutoPilot! Value: 5,,,
openml.org/t/53,vehicle,AutoPilot,6,,local,1.0,,stable,2020-02-04T14:25:59,0.0,,2423436344,AssertionError: config.fold must be 0 when running AutoPilot! Value: 6,,,
openml.org/t/53,vehicle,AutoPilot,7,,local,1.0,,stable,2020-02-04T14:25:59,0.0,,2423436345,AssertionError: config.fold must be 0 when running AutoPilot! Value: 7,,,
openml.org/t/53,vehicle,AutoPilot,8,,local,1.0,,stable,2020-02-04T14:25:59,0.0,,2423436346,AssertionError: config.fold must be 0 when running AutoPilot! Value: 8,,,
openml.org/t/53,vehicle,AutoPilot,9,,local,1.0,,stable,2020-02-04T14:25:59,0.0,,2423436347,AssertionError: config.fold must be 0 when running AutoPilot! Value: 9,,,
openml.org/t/168331,Volkert,AutoPilot,0,0.699365,local,1.0,,stable,2020-02-04T23:49:13,3677.2,10.0,2956058661,,0.699365,1.0,241.805
openml.org/t/168331,Volkert,AutoPilot,1,,local,1.0,,stable,2020-02-04T23:49:22,8.7,,2956058662,AssertionError: config.fold must be 0 when running AutoPilot! Value: 1,,,
openml.org/t/168331,Volkert,AutoPilot,2,,local,1.0,,stable,2020-02-04T23:49:30,8.8,,2956058663,AssertionError: config.fold must be 0 when running AutoPilot! Value: 2,,,
openml.org/t/168331,Volkert,AutoPilot,3,,local,1.0,,stable,2020-02-04T23:49:39,8.8,,2956058664,AssertionError: config.fold must be 0 when running AutoPilot! Value: 3,,,
openml.org/t/168331,Volkert,AutoPilot,4,,local,1.0,,stable,2020-02-04T23:49:48,8.6,,2956058665,AssertionError: config.fold must be 0 when running AutoPilot! Value: 4,,,
openml.org/t/168331,Volkert,AutoPilot,5,,local,1.0,,stable,2020-02-04T23:49:56,8.8,,2956058666,AssertionError: config.fold must be 0 when running AutoPilot! Value: 5,,,
openml.org/t/168331,Volkert,AutoPilot,6,,local,1.0,,stable,2020-02-04T23:50:05,8.8,,2956058667,AssertionError: config.fold must be 0 when running AutoPilot! Value: 6,,,
openml.org/t/168331,Volkert,AutoPilot,7,,local,1.0,,stable,2020-02-04T23:50:14,8.5,,2956058668,AssertionError: config.fold must be 0 when running AutoPilot! Value: 7,,,
openml.org/t/168331,Volkert,AutoPilot,8,,local,1.0,,stable,2020-02-04T23:50:22,8.6,,2956058669,AssertionError: config.fold must be 0 when running AutoPilot! Value: 8,,,
openml.org/t/168331,Volkert,AutoPilot,9,,local,1.0,,stable,2020-02-04T23:50:31,8.8,,2956058670,AssertionError: config.fold must be 0 when running AutoPilot! Value: 9,,,
